mmsi,fishing_type,shipname_kr,shipname,has_existing
440000160,근해안강망어업,,902NAM HAE HOAA,False
440000700,근해안강망어업,,505MANSUNHO         ,False
440002600,근해안강망어업,용덕1호,DAE HAE 3HO,False
440003670,근해안강망어업,,2.CHEONG.JIN.HO,False
440004930,근해안강망어업,,2020SIN JIN HO      ,False
440005450,근해안강망어업,,JISEONGHO,False
440008020,근해안강망어업,,107 HYE WON HO      ,False
440009420,근해안강망어업,트레토네2호,2358 HAN IL HO,False
440009640,근해안강망어업,,5238 HAN IL HO,False
440009730,근해안강망어업,SIN KWANG,DONG YANG,False
440013290,근해안강망어업,,207 DUK JIN HO,False
440018090,근해안강망어업,,HWANG KEUM          ,False
440032180,근해안강망어업,,2017 YOUNG BU HO,False
440033420,근해안강망어업,,922 HEUNG DEOK HO   ,False
440042040,근해안강망어업,,37GEUM YEONG,False
440045160,근해안강망어업,,203NAMHAEHO,False
440051580,근해안강망어업,성용607,111SIN GEON         ,False
440052420,근해안강망어업,,3BUYENGHO           ,False
440065450,근해안강망어업,,YEONG JIN HO,False
440082390,근해안강망어업,,2020 GIL SUNG HO,False
440082610,근해안강망어업,, GO RYEONG HO,False
440083460,근해안강망어업,,HYUN JIN  ,False
440083950,근해안강망어업,GEUMSIN CG-170,2019 DUK SUNG HO,False
440085690,근해안강망어업,삼원301호,2020 MYEONG SEON ,False
440086250,근해안강망어업,,2019GANGJIN HO      ,False
440094070,근해안강망어업,,505 HYUP SIN HO,False
440094690,근해안강망어업,,9009 KYUNG JIN HO,False
440098630,근해안강망어업,,203 NAM KWANG HO,False
440100830,근해안강망어업,,2017YOUNG IL HO     ,False
440113160,근해안강망어업,,^!^HAESUNG,False
440114040,근해안강망어업,,17MANDEKHO          ,False
440116350,근해안강망어업,,38SUGELHO,False
440122080,근해안강망어업,,JE IL HO            ,False
440122250,근해안강망어업,,207HAESUNHO,False
440126400,근해안강망어업,,219 SIN HEUNG HO,False
440146860,근해안강망어업,삼원301호,2020 SAM YUK HO,False
440149360,근해안강망어업,,722 SEON DEOK HO    ,False
440200030,근해안강망어업,,HAENGBOCHO,False
440200186,근해안강망어업,,5DEAKWANG,False
440200360,근해안강망어업,,DONG IN HO,False
440200700,근해안강망어업,GEUMSIN CG-170,2019 YU SIN,False
440203030,근해안강망어업,,DAIYANG,False
440203210,근해안강망어업,삼원301호,YOUNG JIN HO,False
440205030,근해안강망어업,,7 MYEONG SEON HO,False
440205390,근해안강망어업,,HYEON DAE 3HO       ,False
440206130,근해안강망어업,,JE 1 YU SVNG HO     ,False
440206520,근해안강망어업,,YANGJINHO,False
440206690,근해안강망어업,,17GEUM YEONG,False
440206760,근해안강망어업,,GYEOL SEONG HO,False
440207130,근해안강망어업,,KUM SOO HO  ,False
440207380,근해안강망어업,,2009KWANGJIN,False
440207620,근해안강망어업,,YEONGSUHO,False
440208080,근해안강망어업,,JEON JA NO.2        ,False
440208210,근해안강망어업,,217 SUNG JI HO,False
440208320,근해안강망어업,,DAE GUK HO          ,False
440208390,근해안강망어업,,DAE YOUNG HO,False
440208480,근해안강망어업,HIRATAKO,207KUMCHANG,False
440208590,근해안강망어업,HIRATAKO,SUNBOK1HO,False
440208820,근해안강망어업,1003형제,YONG JIN HO,False
440208930,근해안강망어업,,GUK HAN HO ,False
440209410,근해안강망어업,,2YOUNGNAM ,False
440209520,근해안강망어업,,SHIN-A NO.1         ,False
440209540,근해안강망어업,,JINSUNGHO,False
440209740,근해안강망어업,,707NAMSUNGHO,False
440209880,근해안강망어업,,HAE KWANG HO       0,False
440210000,근해안강망어업,,,False
440210030,근해안강망어업,HIRATAKO,7CHONGJINHO,False
440210070,근해안강망어업,,1GILEUNHO,False
440210100,근해안강망어업,해신,YUSEONGHO,False
440210160,근해안강망어업,SK-106,CHANGSUNGHO,False
440210280,근해안강망어업,해신,JANGMIHO,False
440210290,근해안강망어업,해윤,211DAEYANHO,False
440210320,근해안강망어업,,TAECHANGBH,False
440210360,근해안강망어업,,77PYEONGEUNHO,False
440210520,근해안강망어업,제일평화호,GANAHO,False
440210540,근해안강망어업,해신,99 DAE GWANG HO,False
440210760,근해안강망어업,HIRATAKO,WOOJINHO,False
440210920,근해안강망어업,제일평화호,GEONYANGHO,False
440211190,근해안강망어업,,153YEONGGWANG HO    ,False
440211230,근해안강망어업,,BANGJUHO,False
440211660,근해안강망어업,,SEONGYENGHO,False
440211760,근해안강망어업,,TAE HEUNG HO,False
440212090,근해안강망어업,,212 CHANG SUNG HO   ,False
440212170,근해안강망어업,성용607,HWANG GUM^:^ ,False
440212580,근해안강망어업,,TONG IL NO.1        ,False
440212600,근해안강망어업,SK-106,7MINYOUNG,False
440212780,근해안강망어업,준설선삼환SP-1호,DONGBAEK,False
440213610,근해안강망어업,,KYUNG YANG          ,False
440214040,근해안강망어업,,DONGWOONHO,False
440214060,근해안강망어업,SK-106,DAERYEONGHO,False
440214090,근해안강망어업,,DEOK SEONG HO,False
440214540,근해안강망어업,,GWANGJINHO,False
440214810,근해안강망어업,,HAEWONHO,False
440214820,근해안강망어업,,YEONGWANGHO,False
440216160,근해안강망어업,SK-106,37YONGJINHO,False
440216250,근해안강망어업,HIRATAKO,HONGMYEONGHO,False
440216350,근해안강망어업,,77DAERYEOGHO,False
440216420,근해안강망어업,,2GILEUN-HO,False
440216550,근해안강망어업,,JANGWONHO,False
440216610,근해안강망어업,,SEJINHO,False
440216640,근해안강망어업,,NAMSUNG2HO,False
440216670,근해안강망어업,,DEOK SEONG HOCD,False
440216770,근해안강망어업,,CHANYEONGHO,False
440216920,근해안강망어업,,322 KWANG DEOK HO   ,False
440216980,근해안강망어업,,SEONG HAE HO        ,False
440217040,근해안강망어업,,SAM JUNG HO,False
440217830,근해안강망어업,,2017GILSEONGHO,False
440217940,근해안강망어업,,SINJIN7HO,False
440218570,근해안강망어업,,PILSEUNGHO,False
440218630,근해안강망어업,HIRATAKO,HAYUNGHO,False
440218700,근해안강망어업,,209 JIN MYEONG HO,False
440218860,근해안강망어업,,DAEYANGHO,False
440218870,근해안강망어업,,DONG JIN HO,False
440218890,근해안강망어업,,HAEYEONGHO,False
440218990,근해안강망어업,,2015SEOMGILHO,False
440219050,근해안강망어업,,HONGMYEONGHO,False
440219160,근해안강망어업,,NO.2HAESUNGHO,False
440219300,근해안강망어업,,2DAEYEONGHO,False
440219420,근해안강망어업,,907 JIN YUNG HO     ,False
440219440,근해안강망어업,성용607,215 DAE YANG HO,False
440219800,근해안강망어업,,DAEMYEONG,False
440224040,근해안강망어업,,5 SEONG JI HO,False
440224050,근해안강망어업,,CHANGWONHO,False
440224100,근해안강망어업,,SUNBOKHO,False
440225370,근해안강망어업,,SEUNGCANGHO,False
440300220,근해안강망어업,,203DAE GYEONG HO    ,False
440301660,근해안강망어업,,603JOILL,False
440301850,근해안강망어업,,158KYUNGJINH/D,False
440302250,근해안강망어업,,789 BAEK SANG HO    ,False
440302980,근해안강망어업,,202NAMGANGHO,False
440303170,근해안강망어업,,2015YOUNGSINHO,False
440303830,근해안강망어업,,2020 SEONG HAE HO,False
440304180,근해안강망어업,,9008SINKWANG,False
440304350,근해안강망어업,,8008SINGWANGB-,False
440305260,근해안강망어업,,NO.108KYEONG WON,False
440308480,근해안강망어업,SK-106,SUNJINHO,False
440309640,근해안강망어업,,137 AN SUNG HO,False
440311760,근해안강망어업,,2015BOKYEONHO       ,False
440311960,근해안강망어업,,27 YOUNG SUNG HO,False
440312060,근해안강망어업,,NO.2008 SEONGHAE    ,False
440312080,근해안강망어업,,3006SINGWANGCZ,False
440312090,근해안강망어업,,2007SINGWANGBH,False
440312120,근해안강망어업,,NO.2019 YOUNG BOO ,False
440312620,근해안강망어업,,NO.307 YEONGHWA     ,False
440312650,근해안강망어업,,27 MYUNG SUN HO,False
440313220,근해안강망어업,,16 MYUNG SUN HO ,False
440313670,근해안강망어업,,2012 HEUK YONG HO,False
440313940,근해안강망어업,,2017GUK JE HO,False
440313950,근해안강망어업,,108 GEUM HAE HO     ,False
440313960,근해안강망어업,,2016.BEOM YANG,False
440314180,근해안강망어업,,909 GYEONG JIN HO,False
440314770,근해안강망어업,,NO.2009 SHIN GWANG  ,False
440316190,근해안강망어업,,903CHONGRYONG,False
440318530,근해안강망어업,,909GYEONGINBM,False
440318540,근해안강망어업,,733 KEUM GANG HO    ,False
440318550,근해안강망어업,,927 YOUNGCHANG ,False
440319850,근해안강망어업,,MYEONG0 SEONG HO    ,False
440320060,근해안강망어업,,2010DONHOBO,False
440321030,근해안강망어업,,909BUCHANGAU,False
440321440,근해안강망어업,,2011HONAM CT,False
440322390,근해안강망어업,,2012DONHO,False
440323340,근해안강망어업,,928YEONGCHANG,False
440324010,근해안강망어업,,2012HAEGWANG        ,False
440324720,근해안강망어업,VIKTORIA,KANGMANHO,False
440325950,근해안강망어업,,5DONG HYUP HO       ,False
440327340,근해안강망어업,,157MIT EUM HO,False
440328690,근해안강망어업,,604 BOO GIL         ,False
440332460,근해안강망어업,,DEOK SOO HO,False
440500470,근해안강망어업,,PYOUNG HWA HO,False
440501920,근해안강망어업,,33 CHANG EO HO,False
440501960,근해안강망어업,,2007 MUL KWANG HO   ,False
440501970,근해안강망어업,,199 SHIN HWA HO     ,False
440502110,근해안강망어업,,MAN SOO NO.102      ,False
440502130,근해안강망어업,,707PYEONGSAN HOCL,False
440502140,근해안강망어업,,1001 BU SUN HO      ,False
440502220,근해안강망어업,,301HANILC.,False
440502370,근해안강망어업,,"29 MAN BOK HO C,",False
440502380,근해안강망어업,,352 KUM KANG HO,False
440504140,근해안강망어업,,202CHANGWON         ,False
440505880,근해안강망어업,,SEY JONG NO.1       ,False
440000640,근해연승어업,,DAE KWANG HO ,True
440006290,근해연승어업,,POWER 2 HO,False
440009880,근해연승어업,,HEUNGSEONG HO,False
440010730,근해연승어업,,108 NAM IL,False
440012410,근해연승어업,,66SEONIL ,False
440013890,근해연승어업,,707 HAE GWAMG,True
440013910,근해연승어업,,DAE CHANG HO,False
440014160,근해연승어업,,2018NAMKYUNG,False
440014450,근해연승어업,,306 YOUNG NAM,False
440015630,근해연승어업,863호,JE2 EUNSEONG-HO,False
440015800,근해연승어업,,2018 YOUNG PUNG,True
440017690,근해연승어업,,202MYEONGGWANG ,False
440038270,근해연승어업,,568GORYEO,False
440044990,근해연승어업,,2017 MAN SEOK,True
440047450,근해연승어업,SHIN KWANG B- 6,2014 NEW KWANG DONG,False
440050220,근해연승어업,,2013 WON YANG,False
440055320,근해연승어업,,2066PUNGJIN,False
440055650,근해연승어업,,2018 NAM SUNG,False
440058490,근해연승어업,,668 MYUNG SEONG,False
440059790,근해연승어업,,TAE UN HO           ,False
440063640,근해연승어업,,101 MAE IL,True
440066150,근해연승어업,,GORYE,True
440066580,근해연승어업,,2017 YONG JIN,False
440070770,근해연승어업,,101 YU HAN HO,True
440070850,근해연승어업,,,True
440072160,근해연승어업,행복 DP5,808 MAN PYUNG HO,False
440072920,근해연승어업,,2 HAE SIN ,False
440076260,근해연승어업,,NEW0WON,False
440077370,근해연승어업,,2018SAMSEUNG,False
440081160,근해연승어업,,558 DONG JIN ,True
440081170,근해연승어업,,88 NAM IL,False
440082290,근해연승어업,,2020 NAM SUNG,True
440084150,근해연승어업,,308 GWA MYUNG,False
440086860,근해연승어업,,2 JEONG GIL,False
440087080,근해연승어업,,107SUBOK,False
440088530,근해연승어업,,HYUNDAHO,False
440090860,근해연승어업,,107 EO JIN,False
440096970,근해연승어업,,3000JINHEUNG,True
440097070,근해연승어업,,103 MAE IL HO,False
440099510,근해연승어업,,3 CHUNG NAM HO,False
440100630,근해연승어업,,CHEON SA  2HO       ,False
440101580,근해연승어업,NO.8 KANE MARU,88 HAN JIN,False
440101690,근해연승어업,,JIN HEUNG HO        ,True
440102150,근해연승어업,NO.8 KANE MARU,MYUNGJINBY,False
440102340,근해연승어업,NO.2 JAE IL,2013 DA GEON ,False
440102860,근해연승어업,,JINYANG,False
440104680,근해연승어업,NO.2 JAE IL,SEOCHANGHO,False
440104850,근해연승어업,,ON SEONGHO,False
440104930,근해연승어업,NO.2 JAE IL,2013 BO JANG,False
440105240,근해연승어업,,200 KWANG HAE,False
440105520,근해연승어업,선진호,105 GYUNG NAM,False
440107810,근해연승어업,NO.8 KANE MARU,NEW KWANGDONG,False
440112190,근해연승어업,,707 TAE GEUN,False
440115840,근해연승어업,,106 KYENGNAM,False
440116270,근해연승어업,,YENG JIN,False
440117530,근해연승어업,,727 SOO KWANG HO,True
440119490,근해연승어업,성우1호,101 DAI YANG ,False
440120760,근해연승어업,SHIN KWANG B- 6,YONG CHEON,False
440121720,근해연승어업,제11고가네마루,WOOSEONGHO,False
440128830,근해연승어업,,HAIYANGHO    ,False
440129930,근해연승어업,,,True
440130330,근해연승어업,,31 BOK SUNG,False
440131570,근해연승어업,,KYOUNGNAMHO,False
440133230,근해연승어업,,KWANG MYUNG HO      ,False
440134160,근해연승어업,,77 HUIMANG,False
440134240,근해연승어업,,887CHEONBOK,False
440135040,근해연승어업,,707SAM U ,False
440135470,근해연승어업,,HAI YANG HO         ,False
440136250,근해연승어업,,306 GEUM YANG,True
440136920,근해연승어업,,868SUNYUNG,False
440139060,근해연승어업,,2017 NAM SUNG,False
440140060,근해연승어업,,SHIN YANG HO,False
440140280,근해연승어업,,907KYOUNG DONG,False
440143450,근해연승어업,,793JEONSUNG,False
440143770,근해연승어업,,909CHANG SUNG HO,False
440147160,근해연승어업,,836 DA GEON,True
440148880,근해연승어업,,DONG SUNG 5001,False
440150440,근해연승어업,,NO211 HEUNGSEONG,False
440151170,근해연승어업,,MYEONG JIN HO,False
440154420,근해연승어업,,KWANG CHUN HO       ,False
440156170,근해연승어업,,217YOUNGNAMHO       ,False
440158240,근해연승어업,,3088MUNCHANG,True
440158360,근해연승어업,제11고가네마루,DONGYANGHO,True
440165060,근해연승어업,,2020 SAM YANG HO,False
440197880,근해연승어업,해양4000,306GWANGMYUNG,False
440222990,근해연승어업,,NAM CHUNG,False
440224660,근해연승어업,,208BUCHANGHO,False
440301680,근해연승어업,,508 JAE HAN HO      ,False
440301810,근해연승어업,,88HAMSUNG,False
440303010,근해연승어업,명진6002호,101 GYUNG NAM,False
440305270,근해연승어업,,DONG HEANG,False
440308990,근해연승어업,,JE739DAEYANGHO      ,False
440309680,근해연승어업,,2015 TAE YANG HO,False
440311330,근해연승어업,,208 HAN ILBL,False
440316140,근해연승어업,,311 GYEONG WON,False
440319930,근해연승어업,,DAEWANGHO           ,False
440323320,근해연승어업,,2YOUNG JIN HO       ,False
440329230,근해연승어업,,DONG IL HO,False
440331630,근해연승어업,,2002 GEON YANG ,False
440336120,근해연승어업,,88 DAE YOUNG ,False
440402980,근해연승어업,,33SINDUKAIVDM,False
440502400,근해연승어업,,BADASORI,False
440504490,근해연승어업,,MYEONG GWANG 2      ,False
440506750,근해연승어업,,RAPAYEL NO.2        ,False
440509530,근해연승어업,,JE2016 YOUSUNG,False
440510790,근해연승어업,,HAENG UN   ,False
440700040,근해연승어업,,303 GUM SEONG,False
440700050,근해연승어업,,1501                ,False
440700330,근해연승어업,,201 TAE GEUN,False
440700390,근해연승어업,,313 TAE YANG,False
440700560,근해연승어업,,500 DONG JIN HO,False
440700570,근해연승어업,,YUNG YOUNG HO,False
440700650,근해연승어업,,127 YOO SANG,True
440700680,근해연승어업,,BEOM SEONG,False
440700810,근해연승어업,,105 MAE IL,False
440700830,근해연승어업,,905 YOUNG JIN,False
440700850,근해연승어업,,31 JIN HUNG HO      ,True
440700870,근해연승어업,,707CHANGJIN ,False
440700940,근해연승어업,,887EOJIN ,False
440700960,근해연승어업,,707DONGWON,False
440700990,근해연승어업,,108 HYUNG JIN,False
440701010,근해연승어업,,NAM KYOUNG,False
440701040,근해연승어업,,935YOUNG...JIN..7777,False
440701060,근해연승어업,,BOKYEONB(,False
440701110,근해연승어업,,308HAEYANG,False
440701150,근해연승어업,,88 PUNG SUNG ,False
440701160,근해연승어업,,33 HAE SUNG,False
440701210,근해연승어업,,500 DONG YANG HO,False
440701234,근해연승어업,,66PUNGSEONG,False
440701240,근해연승어업,,66HAMSUNGHO,False
440701250,근해연승어업,,503HAEJIN,False
440701280,근해연승어업,,807 SIN SUNG HO,False
440701290,근해연승어업,,306 KWANG MYUNG ,False
440701310,근해연승어업,,2002MYOUNG,False
440701370,근해연승어업,,217WOLDEU,False
440701410,근해연승어업,,YOUNG JAE,False
440701480,근해연승어업,,HONG SUN HO         ,False
440701670,근해연승어업,,SIN MYUNG HO,False
440701740,근해연승어업,,108 HYUNG JIN,False
440701770,근해연승어업,,137 NAM YANG HO,False
440701830,근해연승어업,,338CHEON IL,False
440701870,근해연승어업,,317 HAE KWANG,True
440701880,근해연승어업,,393HEUNGJINHO       ,False
440701940,근해연승어업,,621YOUNGSIN,True
440701960,근해연승어업,,GAM CHAN HO,False
440701970,근해연승어업,,2009HAEGEUM ,False
440702040,근해연승어업,,HAN SUNG HO         ,False
440702140,근해연승어업,,66 GEUM YANG,False
440702180,근해연승어업,,213HENGSENGHO,False
440702270,근해연승어업,,33PUNGSEONG,False
440702280,근해연승어업,,2066JAESEONG,False
440702290,근해연승어업,,2006 MAN JIN,False
440702560,근해연승어업,,JEUNG JIN,False
440703240,근해연승어업,,HYE YANG,False
440703260,근해연승어업,,98HAISUNGHO         ,False
440703290,근해연승어업,,2006YOUNG PUNG,False
440703380,근해연승어업,,208ILSIM,False
440703470,근해연승어업,,2008 YONG CHEON,False
440703480,근해연승어업,,77 DEOK SEONG,False
440703570,근해연승어업,,105MYOUNGJIN        ,False
440703630,근해연승어업,,7070SEJINHO,False
440703940,근해연승어업,,707 HAE JIN,False
440703960,근해연승어업,,2007NAMKYUNGHO,False
440703990,근해연승어업,,308 TAE GWANG,False
440704080,근해연승어업,,303MYEONGGWANGHO,False
440704110,근해연승어업,,308MAN GEUM,False
440704210,근해연승어업,,88 JE IL,False
440704270,근해연승어업,,      37 JINSUNG    ,True
440704370,근해연승어업,,2008MANSEON ,False
440704580,근해연승어업,,DONGWONHO,False
440704650,근해연승어업,,EUN HA ,False
440704780,근해연승어업,,YOOJOHO,False
440704850,근해연승어업,,2009 DAE RYUK,False
440704880,근해연승어업,,109ANSUNGHO,False
440704970,근해연승어업,,216 YOU AN HO       ,False
440705160,근해연승어업,,2002 GEON YANG,True
440705240,근해연승어업,,DAE-SUNGHO,False
440705260,근해연승어업,,HAE YANG,False
440705340,근해연승어업,,808NAM SEONG,False
440705460,근해연승어업,,YUGYEONG,False
440705540,근해연승어업,,1JEONG MYUNG,False
440705750,근해연승어업,,626GUM BOK,False
440705940,근해연승어업,,DAE YANG HO,False
440706020,근해연승어업,,903 CHEONG IL,False
440706170,근해연승어업,,DONGMYEONG,False
440706230,근해연승어업,,GWANG MYOUNG,False
440706310,근해연승어업,,707 NAM SEONG,False
440706380,근해연승어업,,307PUNGYANG ,False
440706440,근해연승어업,,207EOJIN,False
440706460,근해연승어업,,387 DAE KYUNG,False
440706520,근해연승어업,,2011 GYEONG DONG    ,False
440706530,근해연승어업,,BU SUNG HO,False
440706670,근해연승어업,,2012NAM ,False
440706680,근해연승어업,,889 GIL SEONG,False
440706750,근해연승어업,,201 GI SUNG,False
440706990,근해연승어업,,DO WON 2HO ,False
440707060,근해연승어업,,506SEONG0GWANG ,False
440707140,근해연승어업,,808CHEONGNAM,False
440707150,근해연승어업,,707 MAN SEOK,False
440707160,근해연승어업,,2012 DAE BOK ,False
440707290,근해연승어업,,HAEWOON ,False
440707330,근해연승어업,,707HAEJIN,False
440707380,근해연승어업,,CHEON IL HO,False
440708320,근해연승어업,,206,False
440001820,근해자망어업,,97YOUNGKWANGHO      ,False
440002520,근해자망어업,,GI SEONG,False
440002750,근해자망어업,,JO YANG HO,False
440005570,근해자망어업,,777YOUNG GWANG HO,False
440011880,근해자망어업,SIN KWANG,107 TE SUNG HO,False
440012220,근해자망어업,,88TAEKYUNG,False
440012390,근해자망어업,,99 YOUNG GWANG      ,False
440012730,근해자망어업,,3DONG BANG          ,False
440012840,근해자망어업,,3SEJONGHO,False
440013450,근해자망어업,,DAE GYEONG,False
440013670,근해자망어업,,EUNJINHO,False
440013830,근해자망어업,,108YEONG CHANG HO   ,False
440014320,근해자망어업,,2015MYOUNGSENGHO,False
440015810,근해자망어업,863호,202GWANGSUNG,False
440018170,근해자망어업,,JEUNG WON HO ,False
440018700,근해자망어업,,306 HAE CHANG HO,False
440020330,근해자망어업,,25 MIN SUNG         ,False
440023730,근해자망어업,만도호,777 YUNG CHEN,False
440024740,근해자망어업,,707DEAGILHO         ,False
440025040,근해자망어업,,72DAEDONGHO,False
440033480,근해자망어업,,808JAE SEONG HO,False
440037210,근해자망어업,,707 DONG KWANG HO   ,False
440038160,근해자망어업,,2017 EUNSEK,False
440039790,근해자망어업,,WOO.KYUNG.HO B ,False
440040970,근해자망어업,,2016YOUNG JI,False
440047270,근해자망어업,,2017TAEJIN,False
440049990,근해자망어업,,2016 YOU SUNG,False
440052410,근해자망어업,,207 UN YUNG HO ,False
440054150,근해자망어업,,2017 GYEONG IL,False
440058380,근해자망어업,, 2 EUN JIN HO,False
440058580,근해자망어업,,YANG DECK HO,False
440059320,근해자망어업,,DONG0-A HO,False
440061280,근해자망어업,,HAIDA,False
440063290,근해자망어업,,102 SU KWANG,False
440065630,근해자망어업,,KYUNG JIN HO,False
440068040,근해자망어업,,388 WOO RIM HO,False
440070120,근해자망어업,,2018WOOJINHO        ,False
440073460,근해자망어업,,369 DAE KWANG,False
440073640,근해자망어업,,708JAEYUNGHO,False
440075780,근해자망어업,5 KAIRYU MARU,2018 EUN JIN,False
440077660,근해자망어업,,233 HAE DEOG,False
440079930,근해자망어업,,2 HAN YANG HO       ,True
440086070,근해자망어업,,2007HAE YANG HO     ,False
440089250,근해자망어업,만도호,207 HAE JIN,False
440102090,근해자망어업,,2 KYUNG JIN HO      ,False
440104380,근해자망어업,,PYENGANHO,False
440105680,근해자망어업,,508JEILHO,True
440106350,근해자망어업,,3003DUCKILHO ,False
440106870,근해자망어업,,WON JIN,False
440109680,근해자망어업,,809 HAN SUNG,False
440112620,근해자망어업,,207SINYEONG,False
440112700,근해자망어업,,2018SEONG UN,False
440113540,근해자망어업,,NO.77 JAESEONG      ,False
440117340,근해자망어업,,CHANG YANG HO       ,True
440118020,근해자망어업,SHIN KWANG B- 6,OHYONGHO,False
440119510,근해자망어업,,2015TAEYANGHO,False
440123860,근해자망어업,,SOO SUNG,False
440129860,근해자망어업,,307GEUM SEONG ,False
440129890,근해자망어업,,308 YUNG IL,False
440131280,근해자망어업,행복 DP5,202HYUNG SUNG,False
440133160,근해자망어업,,101 SU BOK HO,False
440134060,근해자망어업,,U JEANG HO          ,True
440134350,근해자망어업,,853YOONSUNG,False
440134470,근해자망어업,,369 MAN JIN HO,False
440136390,근해자망어업,,807DAEYEON,False
440137010,근해자망어업,,501 TAE GWANG HO,True
440137870,근해자망어업,,2015 DONG WOON HO,False
440138590,근해자망어업,,2016 GEUM YANG HO   ,False
440138610,근해자망어업,,309-DAE-YANG----,False
440138880,근해자망어업,,109 YUNG JIN,False
440140120,근해자망어업,,2016 KYUNG BOK,False
440140650,근해자망어업,,2016 DA SEONG HO    ,False
440140780,근해자망어업,,207YOONKYENG,False
440142840,근해자망어업,,103KUMJIN,True
440143080,근해자망어업,,SEO GWANG HO        ,False
440143660,근해자망어업,,CHANGDEOK           ,False
440143760,근해자망어업,,BONG JOON HO,False
440143840,근해자망어업,,203BONGGWANG,False
440145860,근해자망어업,,NAM YANG HO         ,False
440147050,근해자망어업,오송,2016 DONG WOON HO,False
440149110,근해자망어업,,108 BU MIN,False
440149340,근해자망어업,KORSAL- 07,77BUSUNGHO,False
440153510,근해자망어업,미성신해,206YOONKYOUNG,False
440154740,근해자망어업,,2013 HYUN JIN HO,False
440157750,근해자망어업,,JIN GANG HO,False
440161650,근해자망어업,루창,MYUNG SUNG HO,False
440162790,근해자망어업,,DEOG SEONG HO,False
440173530,근해자망어업,,117 DAE SEUNG,False
440192590,근해자망어업,,CHEONG JIN,False
440196670,근해자망어업,,2021 SHIN YOUNG,False
440197120,근해자망어업,,600 GIL JEONG HO    ,False
440198180,근해자망어업,,YOUNG GWANG HO      ,True
440200193,근해자망어업,,88 TAE YANG,False
440200238,근해자망어업,NO.1 YUU SHIN GOU,211TAEJINHO,True
440206070,근해자망어업,,2008 I HWA HO,False
440207260,근해자망어업,1003형제,2009 JAE SUNG HO,False
440207290,근해자망어업,,HAE DUK             ,False
440208170,근해자망어업,, 2009 U JEONG HO,False
440208180,근해자망어업,,207SUNGJINHO,False
440209330,근해자망어업,,ASUN HO             ,True
440209480,근해자망어업,SHIN KWANG B- 6,HWA .YOUNG .HO,False
440214790,근해자망어업,,207 BUCHANG HO      ,False
440215150,근해자망어업,,DAEYEONG,False
440215190,근해자망어업,VIKTORIA,CHANGDUK2,False
440217340,근해자망어업,,307 BUCHANG HO      ,True
440218050,근해자망어업,,606 JAE YOUNG HO    ,False
440224390,근해자망어업,,JUNG0IL,False
440300050,근해자망어업,,MYENG SEONG HO,False
440300406,근해자망어업,863호,202SUNGUN,False
440301650,근해자망어업,,388 WOO RIM HO0     ,False
440302510,근해자망어업,,559 NAM KYUNG,False
440303410,근해자망어업,,105DAE SEUNG HO,False
440303520,근해자망어업,,2017DAECHENGHO      ,False
440304220,근해자망어업,,211SEJONGHO,False
440305510,근해자망어업,,603DEUKSUNGHO,False
440307120,근해자망어업,NO.117 DAE YANG,MINJUNGHO,False
440307950,근해자망어업,SY-207,97 JO YEONG HO,False
440308920,근해자망어업,,603 HAE SEUNG,False
440309690,근해자망어업,, 11 DAE CHENG HO,False
440309820,근해자망어업,,MAN SUNG            ,False
440311470,근해자망어업,,DONG BANG HO        ,False
440312130,근해자망어업,,BU KWANG HO,False
440313350,근해자망어업,,157MIT EUM HO,False
440313560,근해자망어업,,101 HAE IN HO,False
440313750,근해자망어업,,JIN SEONG HO,False
440313970,근해자망어업,,DONG SUNG HO        ,False
440314480,근해자망어업,,717SEJONG,False
440314580,근해자망어업,,2006OSEONGHO,False
440314590,근해자망어업,,2 SONG HYUN HO ,False
440315390,근해자망어업,,107SANG MYEONG HO   ,False
440315750,근해자망어업,,218HAEYANG HO       ,False
440315760,근해자망어업,,208JUNGWONHO,False
440315850,근해자망어업,,MYUNGSUNHOCJ,False
440316050,근해자망어업,NO.117 DAE YANG,2009DEOK SU HO      ,False
440316060,근해자망어업,,707YOUNG JIN        ,False
440316130,근해자망어업,,709 HAN IL HO,False
440316350,근해자망어업,,2005 DAI YANG       ,False
440316380,근해자망어업,,5SEJONGHO,False
440316430,근해자망어업,,207HAESUNGHO,False
440316460,근해자망어업,NO.117 DAE YANG,HAIDA,False
440316830,근해자망어업,,27KEUMJUNG,False
440316860,근해자망어업,, 103DAEJIN,False
440316990,근해자망어업,,MAN BOK HO ,False
440317160,근해자망어업,,5 DAE GYEONG HO,False
440318360,근해자망어업,NO.117 DAE YANG,3HANYANGHO,False
440319020,근해자망어업,8민성,8 HAE DEUK HO,False
440319370,근해자망어업,,207DONGJIN,False
440319650,근해자망어업,,BONG YOUNG HO,False
440319970,근해자망어업,,117SHINMYENG        ,False
440320010,근해자망어업,,DEASANG4-10HO       ,False
440320410,근해자망어업,,GUN CHUN HO         ,False
440321370,근해자망어업,863호,102 SU BOK HO,False
440321550,근해자망어업,,DONGMYUNG,False
440321840,근해자망어업,,707HYUNJIN ,False
440322040,근해자망어업,,2YUSEUNGHO,False
440322790,근해자망어업,,203YOONKYOUNGAN,False
440323410,근해자망어업,863호,2YUDUCKHO,False
440323480,근해자망어업,,233DONGYOUNGHO      ,False
440323590,근해자망어업,,2011 HAE CHANG HO,False
440323660,근해자망어업,,1TAEKWANG HO        ,True
440323980,근해자망어업,PAL PAL 200HO-1,NO.2 IP SEONG,False
440324390,근해자망어업,NO.8 KANE MARU,KWANG YOUNG,False
440324860,근해자망어업,,209 DEOK YANG HO,False
440325110,근해자망어업,DU YUNG 3,2009 MYUNG SEONG HO,False
440325230,근해자망어업,,103DEOK  YANG HO,False
440325470,근해자망어업,협승5 호,2012HAE YANG HO     ,False
440326330,근해자망어업,,DONGJINHOB\,False
440326510,근해자망어업,,703 YOO GYOUNGAU,False
440326570,근해자망어업,에스디비유1호,2012EUNJUNG,False
440326860,근해자망어업,863호,108 HAE SUN         ,False
440327220,근해자망어업,,209 TAE HEUNG HO ,False
440327230,근해자망어업,,GUEMDANGHO,False
440327250,근해자망어업,NO.117 DAE YANG,232DONG YONG HO,False
440327470,근해자망어업,,205MYEONG SEONG     ,False
440328330,근해자망어업,,NO.7SEJONG          ,False
440328390,근해자망어업,,702 EUN SEONG,False
440328720,근해자망어업,NO.8 KANE MARU,GUEMDONGHO,False
440328850,근해자망어업,,2016SINYOUNG,False
440328860,근해자망어업,,6 MAN SEONG HO,False
440329050,근해자망어업,,YEON HEUNG HO       ,False
440329370,근해자망어업,,,False
440329440,근해자망어업,,300JIN.GANG.HO,False
440329850,근해자망어업,,88 DAE YANG HO,False
440330590,근해자망어업,,2013MYUNGSEONGHO,False
440331120,근해자망어업,,MYUNGSUNG,False
440331240,근해자망어업,,SAM SUNG HO         ,False
440331470,근해자망어업,,207MYUNGSEONG,False
440331840,근해자망어업,,NO.77 JUNG SEUNG    ,False
440332060,근해자망어업,,2003 HUENG SIN HO,False
440332560,근해자망어업,,206GABJINHO         ,False
440332740,근해자망어업,,JINYOUNG HO         ,False
440333250,근해자망어업,,303 GEUM SEONG HO  ,False
440333420,근해자망어업,,711MUJIGAE HO,False
440333620,근해자망어업,,207 SIN MYEONG HO,False
440334270,근해자망어업,,701 U KYUNG HO,False
440334670,근해자망어업,,107 SIN IL,False
440334840,근해자망어업,,HAE SIN HO,False
440335240,근해자망어업,,TAE WANG HO,False
440335360,근해자망어업,,2015 DAE CHEONG,False
440341230,근해자망어업,,3 JANG WON HO,False
440402770,근해자망어업,,1SUNGBOK,True
440403480,근해자망어업,,309OHDAEHO,True
440406010,근해자망어업,,33 NAMIL,True
440408240,근해자망어업,,TAE GWANG HO,True
440409310,근해자망어업,,2KUM KAWANG HO      ,True
440409640,근해자망어업,,2016 HAE KYUNG,False
440410260,근해자망어업,,3 DAE DONG HO       ,True
440413170,근해자망어업,,102CHUNKWANHO,False
440413610,근해자망어업,,888 TAE SUNG HO,False
440503350,근해자망어업,,11 IN SUNG HO,False
440504890,근해자망어업,,88BO KWANG HO       ,False
440505570,근해자망어업,,708 DAE GIL HO,False
440508260,근해자망어업,만도호,108 DAE YEONG ,False
440600351,근해자망어업,,CA RIS HO           ,True
440601250,근해자망어업,,108 WOO JIN,False
440700020,근해자망어업,,2013 SUNG BOK HO,False
440700440,근해자망어업,,YEON SU,False
440700580,근해자망어업,,108 BONG SUNG,False
440700770,근해자망어업,,DAE SUNG HO ,False
440701080,근해자망어업,,JANG DUCK HO,False
440701220,근해자망어업,에스디비유1호,208 HAE IN HO  ,False
440701390,근해자망어업,,207 DEOK JIN HO,True
440701450,근해자망어업,,BUSUNG HO,False
440701530,근해자망어업,,JUYEONG,False
440701550,근해자망어업,,YOUNG WHA HO,False
440701690,근해자망어업,,2016 YONG JIN,False
440701760,근해자망어업,,1858 MAN BONG,False
440701840,근해자망어업,,801EO SUNG HO       ,False
440702340,근해자망어업,,999HAESUNGHO,False
440702350,근해자망어업,,2009 YOU SUNG HO    ,False
440702500,근해자망어업,,9YUN KWAN HO        ,False
440702630,근해자망어업,,106DAE YU,False
440702680,근해자망어업,,SEOJIN,False
440702860,근해자망어업,,156DAEYANG,False
440702930,근해자망어업,,99 YU CHANG HO,False
440703180,근해자망어업,만도호,702 SAM MUN,False
440703580,근해자망어업,,DU JIN HO,False
440703640,근해자망어업,,SUNJINHO,False
440703790,근해자망어업,,NO.988 HAESUNG,False
440703910,근해자망어업,,2017YOOSUN,False
440704010,근해자망어업,,DAE WOO HO,False
440704120,근해자망어업,,201 BOK YEON,False
440704140,근해자망어업,,YOOJEONGHO ,False
440704840,근해자망어업,,MYUNG JIN HO,False
440704910,근해자망어업,,JEONG BIN HO        ,False
440705030,근해자망어업,,103 DAE YANG HO,False
440705170,근해자망어업,,KWANG JIN HO,True
440705390,근해자망어업,,709DAE GIL HO       ,False
440705440,근해자망어업,,MAN IL HO           ,False
440705590,근해자망어업,,8008ILSEUNG,False
440705830,근해자망어업,,709 HYUCK SIN HO,False
440705960,근해자망어업,,EN HA SU HO,False
440706060,근해자망어업,,109 HAN IL HO,False
440706190,근해자망어업,,108 DAE JU HO       ,False
440706210,근해자망어업,,707 KWANG IL        ,False
440706290,근해자망어업,,207 SIN IL ,False
440706330,근해자망어업,,KUM KANG HO,False
440706850,근해자망어업,,JE2019 BU YEONG     ,False
440706980,근해자망어업,,909YU CHANG HO,False
440707070,근해자망어업,,HEUNGYEONG,False
440707470,근해자망어업,,729 E GYEON HO      ,False
440707710,근해자망어업,,108 DEA HEUNG HO,False
440707860,근해자망어업,,100MANBOO,False
440707940,근해자망어업,,101 HYUNG SUNG HO,False
440707960,근해자망어업,,2007 KYUNG CHANG HO,False
440708070,근해자망어업,,253DAEGYEONG,False
440708080,근해자망어업,,711 CHOI SIN HO,False
440708560,근해자망어업,,306 DAE HEUNG H0  ,False
440001010,근해채낚기어업,,303JANGDEKHO      #$,False
440009150,근해채낚기어업,,2HONG HYE           ,True
440015140,근해채낚기어업,,JE 2015 SAM GUANG,True
440017700,근해채낚기어업,,909MINSENGHO,True
440019260,근해채낚기어업,,7MOKLYUN,True
440046550,근해채낚기어업,,2007DAESUNG         ,True
440046660,근해채낚기어업,,153-SONG-EN,False
440050410,근해채낚기어업,,,False
440051710,근해채낚기어업,,NO.3 HO NAM ,True
440052480,근해채낚기어업,,106DONGWON        ,True
440067980,근해채낚기어업,,8 JO GWANG ,True
440079920,근해채낚기어업,,203 HI YEONG,True
440081210,근해채낚기어업,,108 DEA GWANG HO,True
440100368,근해채낚기어업,,2004BOK SUNG,True
440100620,근해채낚기어업,성우1호,713CHANGNAM,False
440101280,근해채낚기어업,,DAESEUNG,False
440101390,근해채낚기어업,,808 DONG MYUNG,True
440104540,근해채낚기어업,,808YONGSUNG,True
440105880,근해채낚기어업,,507JENGHYUNHO,False
440106080,근해채낚기어업,,505 SAM KWANG,True
440109820,근해채낚기어업,,DU WON,False
440116130,근해채낚기어업,,IL GWANG,False
440117110,근해채낚기어업,,77 MAN SUN          ,True
440117590,근해채낚기어업,,708 AN SEONG HO     ,True
440117850,근해채낚기어업,,1 GEO SEONG,True
440120430,근해채낚기어업,,5 DAE PUNG  ,True
440121160,근해채낚기어업,,109JAMGSEONG HO     ,True
440125090,근해채낚기어업,,21 TONG MYONG HO  #4,True
440125150,근해채낚기어업,,332 IN SUNG HO      ,True
440125160,근해채낚기어업,,323 DAE GYEONG HO   ,True
440125180,근해채낚기어업,,107 JANG SUNG       ,True
440125320,근해채낚기어업,NO.8 KANE MARU,205 IK SUNG,True
440125630,근해채낚기어업,,3 JANG SUNG HO      ,True
440125720,근해채낚기어업,,506JINHUENG,True
440126140,근해채낚기어업,,107 JIN MYUNG HO    ,True
440126340,근해채낚기어업,NO.8 KANE MARU,501DONGJIN,True
440132110,근해채낚기어업,,153 GWANGSUNG,True
440132130,근해채낚기어업,,CHEON BO HO         ,True
440132760,근해채낚기어업,,7HWANGKEUMG,True
440132840,근해채낚기어업,,HAM SEONG HO        ,True
440133080,근해채낚기어업,,301YOUNHEAHO,True
440134930,근해채낚기어업,,HYUNYONG,False
440136910,근해채낚기어업,,,False
440141420,근해채낚기어업,,WOO YANG HO,False
440142370,근해채낚기어업,,JEONGMIN NO.05      ,True
440142520,근해채낚기어업,,SAM KWANG,True
440145260,근해채낚기어업,,DAESUNGCH,False
440145430,근해채낚기어업,,DAE LIM             ,True
440147310,근해채낚기어업,,99 DONG MYEONG,True
440148090,근해채낚기어업,,GANG JEON HO ,True
440148360,근해채낚기어업,NO.8 KANE MARU,BO GWANG,False
440148940,근해채낚기어업,SHIN KWANG B- 6,NEW MANJUNG,True
440149760,근해채낚기어업,,8SEAJIN      ,True
440150020,근해채낚기어업,,3 CHUNG MU HO,False
440150220,근해채낚기어업,,505 DAE PUNG HO,True
440150580,근해채낚기어업,,88 HAE DONG,True
440154010,근해채낚기어업,SHIN KWANG B- 6,MAN JANG ,True
440154250,근해채낚기어업,,711 SE JIN          ,True
440154850,근해채낚기어업,,2013HANJIN,True
440208010,근해채낚기어업,,2015 DONG MYUNG     ,True
440218130,근해채낚기어업,,JANG GYEONG HO,True
440304830,근해채낚기어업,,DUCKIL,True
440315830,근해채낚기어업,,303 EUN SUNG,False
440328080,근해채낚기어업,,138JUNG IL HO       ,False
440400450,근해채낚기어업,,TAECHANG,False
440401020,근해채낚기어업,,3DONGWOONHO,True
440401520,근해채낚기어업,,YOUNGVI ,True
440401720,근해채낚기어업,,JEON IL HO          ,False
440401730,근해채낚기어업,,27DAEHYUN,False
440402270,근해채낚기어업,,BOWON,True
440402440,근해채낚기어업,,2002JUYOUNG,True
440402530,근해채낚기어업,,7DAE SUNG HO        ,True
440403310,근해채낚기어업,,901YEONGJIN,True
440403340,근해채낚기어업,,16BOSUNG,True
440403370,근해채낚기어업,,201SEUNGJINHO,True
440403490,근해채낚기어업,,7EUNSEONGHO         ,True
440403690,근해채낚기어업,,307ODAEHO501ODAEHO,True
440403720,근해채낚기어업,,33JUYOUNG,True
440403740,근해채낚기어업,,NO.205 SAM IL,True
440403910,근해채낚기어업,,201DAE WON,True
440404250,근해채낚기어업,,11 ABCDEE           ,True
440404640,근해채낚기어업,,96ARJIN,True
440404660,근해채낚기어업,,3YEGUNHO,True
440404930,근해채낚기어업,,WONYEONG,False
440405320,근해채낚기어업,,YUSEONGHO ,True
440405520,근해채낚기어업,,606YUSUNG,True
440405810,근해채낚기어업,,2 DEOK SEONG,True
440405960,근해채낚기어업,,BU KYUNG HO,False
440406020,근해채낚기어업,,33ANSEONG,True
440406040,근해채낚기어업,,33SEONGHAN,True
440406150,근해채낚기어업,,202 NAM YANG HO,True
440406670,근해채낚기어업,,368BAEK GYEONG HO   ,False
440407110,근해채낚기어업,,HAE DONG ,False
440407540,근해채낚기어업,,2020JAESEONG        ,False
440407790,근해채낚기어업,,DONGHYENHO,False
440408410,근해채낚기어업,,311SUNGYONG,True
440408830,근해채낚기어업,,NO.2 BO KYONG,False
440409660,근해채낚기어업,,101 YOU SUNG HO     ,True
440410480,근해채낚기어업,,20MINSEONGHO ,True
440410810,근해채낚기어업,,GAM CHAN HO,False
440410950,근해채낚기어업,,5 BU JANG,True
440411060,근해채낚기어업,,DONGSUNG,True
440412060,근해채낚기어업,청보호,207JINHEUNG,True
440412240,근해채낚기어업,,11DAESUNG,True
440412520,근해채낚기어업,,5YEONSOOHO,True
440412760,근해채낚기어업,,107NAMYANG,True
440413050,근해채낚기어업,,5KWANGWOON,True
440414150,근해채낚기어업,,109MOONCHANG,True
440600015,근해채낚기어업,,7BUNCHANG,True
440600114,근해채낚기어업,,0000000,True
440600128,근해채낚기어업,,1 CHANG HEUNG,True
440600133,근해채낚기어업,,58 GEUM YANG,True
440600150,근해채낚기어업,,NO.103YONGJINHO     ,True
440600166,근해채낚기어업,NO.8 KANE MARU,JIN YEONG,True
440600181,근해채낚기어업,,3JAEGUN,True
440600245,근해채낚기어업,,102 JIN GANG HO,False
440600316,근해채낚기어업,,SUNGJIN,True
440600350,근해채낚기어업,,209 DAE SUNG HO     ,False
440600384,근해채낚기어업,,DONG IL HO,False
440600402,근해채낚기어업,,NO.2013WANGSUNG     ,True
440600407,근해채낚기어업,,CHANG HEUNG         ,True
440600483,근해채낚기어업,,501SUJUNG,False
440600511,근해채낚기어업,,YEON AN             ,False
440600516,근해채낚기어업,,DUCKJIN             ,False
440600526,근해채낚기어업,,JUNG CHANG HO       ,False
440600571,근해채낚기어업,,505 HAEWANG HO      ,False
440600622,근해채낚기어업,,77 JANGWON ,False
440601480,근해채낚기어업,,NO306DEASUNG        ,True
440700780,근해채낚기어업,,NO.1 DAE GUN        ,True
440703450,근해채낚기어업,,DONG JIN HO,False
440704640,근해채낚기어업,,933CHEONIL ,False
440704680,근해채낚기어업,,JE307HYENGBINHO,False
440705360,근해채낚기어업,,207 WOO JIN,False
440706390,근해채낚기어업,,PUNG SEONG,False
440708030,근해채낚기어업,,207HEADO,True
440000087,근해통발어업,,87HANJIN            ,False
440002300,근해통발어업,,2016DONGSUN HO      ,False
440011150,근해통발어업,,CHUNGGYUNG,True
440013420,근해통발어업,,2016 SI NAE SAN HO,False
440013600,근해통발어업,,MANSEH,False
440029250,근해통발어업,,109.DONGMYUNG,True
440032630,근해통발어업,,BANG JU HO,False
440089170,근해통발어업,,2014HAE SIN HO      ,False
440090120,근해통발어업,,237 CHEON MAN HO,False
440101860,근해통발어업,,YUNJUNG ,True
440103410,근해통발어업,,HYOSUNG,False
440103570,근해통발어업,,202DAE IL,True
440103980,근해통발어업,,308 DAE YOUNG HO    ,False
440104490,근해통발어업,,590WONJINHO         ,False
440106520,근해통발어업,선진호,505YOOIL,False
440106570,근해통발어업,,2018 ROYAL,False
440109290,근해통발어업,,305 HAN IL          ,False
440110480,근해통발어업,,CHUNGPHUNG,True
440110570,근해통발어업,,306 UN HWA,False
440112540,근해통발어업,,2006 SAMSUNG,True
440113030,근해통발어업,NO.117 DAE YANG,BIG SINESAN,False
440116630,근해통발어업,,HANJIN,False
440116850,근해통발어업,,311MYUNGCHEON,False
440117260,근해통발어업,,SUWON,True
440119110,근해통발어업,NO.8 KANE MARU,327 SEUNG MAN,False
440120930,근해통발어업,,15 SU YUNG          ,False
440124610,근해통발어업,,NO.2008 YONG SEUNG  ,False
440124690,근해통발어업,,DAE IL HO           ,False
440124990,근해통발어업,,TAE GWANG,False
440125910,근해통발어업,,2777 DAE LIM HO ,False
440125970,근해통발어업,,109 YOUNG SIN,True
440126010,근해통발어업,,3 DAE GEON,False
440126040,근해통발어업,SHIN KWANG B- 6,39DAEBU,False
440126210,근해통발어업,,DO CHEONG,False
440126420,근해통발어업,,206 DONGYANG,False
440126440,근해통발어업,,818CHANG UN,False
440132730,근해통발어업,오송,YUSUNG,False
440140760,근해통발어업,,HAE SIN HO,True
440145950,근해통발어업,,SUWON,True
440150690,근해통발어업,,YOUNGJIN,False
440156120,근해통발어업,,305UNHWA,False
440158140,근해통발어업,,27 HWA SEUNG,False
440178620,근해통발어업,,707 JEONG GIL HO    ,False
440181770,근해통발어업,동림펄호,2016SEOJIN,False
440190310,근해통발어업,,2019HARAM,False
440201300,근해통발어업,제11고가네마루,3001YOOILHO,True
440206870,근해통발어업,,2003 CHOI KWANG HO,False
440210260,근해통발어업,,2017YOUNGKWANGHO,False
440215250,근해통발어업,,3007YOOILHO ,False
440216720,근해통발어업,,710TAE YANG,False
440217350,근해통발어업,광양3 1 호,SIN DOCHEONG,False
440217730,근해통발어업,SHIN KWANG B- 6,HANAHO,False
440217770,근해통발어업,,3 YEON SU HO,False
440223070,근해통발어업,,336 WOONG JIN,False
440224590,근해통발어업,SHIN KWANG B- 6,2015 ROYAL,False
440311050,근해통발어업,,101SOUNG BOK        ,False
440312930,근해통발어업,,MANSSAE,False
440316660,근해통발어업,,DEOK SUNG HO,False
440318730,근해통발어업,,301DONGHA,False
440319280,근해통발어업,,YOO SEON,False
440323450,근해통발어업,,DAEWONHO            ,False
440325450,근해통발어업,NO.117 DAE YANG,KANG IN HO ,False
440326710,근해통발어업,,"209,DONGMYUNG",True
440329870,근해통발어업,,2017CHEONSUHO       ,False
440332730,근해통발어업,,107BU CHANG HO      ,True
440401060,근해통발어업,,5 MANSUNG,False
440401410,근해통발어업,,2017DONGWEONHO,False
440401970,근해통발어업,,507 YOO IL ,True
440402040,근해통발어업,,107 DONG CHOON,False
440402630,근해통발어업,,BOBAE,True
440402790,근해통발어업,,DONGIK.NO33         ,False
440402820,근해통발어업,,DAE KWANG           ,False
440402850,근해통발어업,,107 DAE KYUNG,False
440402890,근해통발어업,,11 OIL JIN,False
440402910,근해통발어업,,548DONGJINHO,False
440402940,근해통발어업,,HYEIJINHO,False
440403010,근해통발어업,,SUNGPO103,False
440404630,근해통발어업,,DAHAE,True
440408960,근해통발어업,,88YOUNGSHIN,False
440409560,근해통발어업,,107 DONG CHUN       ,False
440410840,근해통발어업,,2005SUNGYONG,True
440411210,근해통발어업,,DAEWANG,False
440412110,근해통발어업,,17BUKYEONG,False
440412570,근해통발어업,,2013SSANGYONG,True
440412750,근해통발어업,,,False
440501100,근해통발어업,제11고가네마루,27 GYUNG DONG,False
440600049,근해통발어업,,YOUNGSHIN999,False
440600375,근해통발어업,,16 HAE GEUM HO,False
440600535,근해통발어업,,2011 DAE MYUNG,True
440600539,근해통발어업,제208 대진호,505 HANJIN  ,True
440600770,근해통발어업,,S-26JUNG            ,False
440700550,근해통발어업,NO.8 KANE MARU,201 GYUNG YANG ,False
440701610,근해통발어업,,207YOOSINHO,False
440777777,근해통발어업,,DONGMYUNG,False
441177000,근해통발어업,,318SUNGDUK-         ,False
440001060,대형선망어업,,307 HAN CHANG,True
440005070,대형선망어업,,NO.206 KEUM SUNG    ,True
440005560,대형선망어업,,201CHANGNAM,True
440006510,대형선망어업,,128 DAEJIN          ,False
440011600,대형선망어업,,33 CHANG MAN        ,True
440014010,대형선망어업,,901KYEONGHAD,True
440017900,대형선망어업,,900 KYEONG HAE      ,True
440018300,대형선망어업,,287HYESEUNG,True
440019280,대형선망어업,,206 DAE JIN         ,True
440041240,대형선망어업,,203 DAE JIN,True
440044390,대형선망어업,,207 GEUM HAE,True
440050020,대형선망어업,,201YEONCHANG  ,True
440060290,대형선망어업,,105 DAE JIN,True
440065110,대형선망어업,,31 CHANG NAM,True
440100120,대형선망어업,,NO.288 HYE SEUNG    ,True
440100370,대형선망어업,,88KEUMYOUNG,True
440100510,대형선망어업,,NO.36 DONG SIN,True
440100720,대형선망어업,,NO127 DAEYANGBO,False
440101040,대형선망어업,제 153혜승호,153HYESEUNG,True
440101100,대형선망어업,,103 GYEONG HAE      ,True
440101110,대형선망어업,,201 HAE GEUM,False
440101320,대형선망어업,,509 WOO IL,True
440103720,대형선망어업,,NO.103 KEUM SUNG    ,True
440104220,대형선망어업,,NO.111 DAEYANG,True
440104230,대형선망어업,,131 DAE JIN,True
440104320,대형선망어업,삼원301호,2020 SAE CHEON NYEON,True
440104810,대형선망어업,,208DUKMYUN,True
440104870,대형선망어업,,NO.116 KEUM SUNG    ,False
440105020,대형선망어업,,106 GEUM HAE,True
440105140,대형선망어업,,107 DAE JIN,True
440105310,대형선망어업,,NO.101 KEUM SUNG    ,True
440105320,대형선망어업,,NO28DEUKMYUNG,True
440105330,대형선망어업,,106DUKMYUNG,True
440105510,대형선망어업,, 5SUDEOK     ,True
440105690,대형선망어업,,121 DAE JIN         ,False
440105820,대형선망어업,,305 HAN CHANG,True
440105940,대형선망어업,,NO.125 KEUM SUNG    ,True
440106500,대형선망어업,,202CHANGNAM         ,True
440106660,대형선망어업,,HA YUN T 1 HO,True
440106680,대형선망어업,,4SUDEOK,False
440106710,대형선망어업,,202YEONCHANG,True
440106720,대형선망어업,,NO.88WOOYANG,True
440107080,대형선망어업,,  3 SUDEOK   ,True
440107110,대형선망어업,,32 CHAMG NAM        ,True
440107440,대형선망어업,,303YEONCHANG,False
440107470,대형선망어업,,71KEUMYOUNG,True
440107550,대형선망어업,,352 HAE SEUNG,True
440107650,대형선망어업,,203YEONCHANG   ,True
440107660,대형선망어업,,31KEUMYOUNG,True
440107670,대형선망어업,,81KYUNGJIN,True
440107960,대형선망어업,,127 DAE JIN         ,True
440107990,대형선망어업,,285HYESEUNG,True
440108040,대형선망어업,,203 WOOYAMG         ,False
440108160,대형선망어업,,87TONGYOUNG         ,True
440108180,대형선망어업,,NO.135 KEUM SUNG    ,True
440108250,대형선망어업,,117 DAEJIN,True
440108350,대형선망어업,,102 KYUNG HAE       ,True
440108420,대형선망어업,,301YEONCHANG,False
440108770,대형선망어업,,WOONG JIN T-1100 HO,True
440109040,대형선망어업,,"NO,81DAEYANG ",True
440109050,대형선망어업,,BUSAN 331           ,False
440109280,대형선망어업,,287HYESEUNG,True
440109300,대형선망어업,,NO.111 KEUM SUNG    ,True
440109880,대형선망어업,,102 DUK MEYUNG,True
440110040,대형선망어업,,703CHANGNAM         ,True
440110190,대형선망어업,,88DUKMYUNG          ,True
440110990,대형선망어업,,101 GEUM HAE,True
440111720,대형선망어업,SHIN KWANG B- 6,NO.355 HYE SEUNG    ,True
440111810,대형선망어업,,709DONGNAM          ,True
440112040,대형선망어업,,207 DAEJIN,True
440112280,대형선망어업,,39 CHANG NAM BS,True
440112320,대형선망어업,,118 DAEJIN,True
440112520,대형선망어업,,305 DAE JIN         ,True
440113360,대형선망어업,,NO.106WOOYANG,True
440113370,대형선망어업,,103 DAE JIN         ,True
440113970,대형선망어업,,133 DAE JIN         ,True
440114260,대형선망어업,,NO.503 HYESEUNG ,True
440117890,대형선망어업,,301 CHANG NAM       ,True
440118410,대형선망어업,,302YEONCHANG,False
440118430,대형선망어업,,126 DUK MYUNG       ,True
440118470,대형선망어업,,NO.225 DEOKMYUNG ,True
440119610,대형선망어업,,900KYEONGHAE,True
440120140,대형선망어업,,105 TONG YOUNG,True
440120460,대형선망어업,,501 HAE GEUM ,True
440120530,대형선망어업,,NO.117 KEUM SUNG    ,True
440120640,대형선망어업,,209CHANGNAM,False
440120710,대형선망어업,,303KYUNGJIN,True
440120810,대형선망어업,,501HYESEUNG,False
440120820,대형선망어업,,3 UNBAN,True
440120830,대형선망어업,,61KEUMYOUNG,True
440120860,대형선망어업,,301 HAE GEUM,False
440120870,대형선망어업,,308 CHANG NAM       ,True
440120950,대형선망어업,,98TONGYOUNG         ,True
440121170,대형선망어업,,NO.98 KEUM SUNG     ,True
440121180,대형선망어업,,NO.97 KEUM SUNG     ,True
440121190,대형선망어업,,NO.89 KEUM SUNG     ,False
440121310,대형선망어업,,103 DUK MYUNG,True
440121490,대형선망어업,동림펄호,NO.52KEUMYOUNG,True
440121640,대형선망어업,,NO.112 DAEJIN       ,True
440121650,대형선망어업,,111 DAE JIN         ,True
440121690,대형선망어업,,6SUDEOK   ,False
440121730,대형선망어업,성우1호,308 HAN CHANG,True
440121850,대형선망어업,,102 HAE GEUM,True
440121880,대형선망어업,SUIKOU NO.1,305 CHANG NAM,True
440121920,대형선망어업,,103 HAE GEUM,True
440121980,대형선망어업,,308DUKMYUNG      ,True
440123340,대형선망어업,,309 CHANG NAM       ,True
440123390,대형선망어업,,202KYUNGJIN,False
440123760,대형선망어업,,88TONGYOUNG         ,True
440124810,대형선망어업,,703DONGNAM          ,True
440126950,대형선망어업,제11고가네마루,303 HAN CHANG,True
440127060,대형선망어업,,NO.118 KEUM SUNG    ,True
440129790,대형선망어업,,125DAEYANG,True
440130260,대형선망어업,SHIN KWANG B- 6,NO.102WOOYANG,True
440131560,대형선망어업,,101TONGYOUNG        ,True
440133610,대형선망어업,,205 DAE JIN         ,True
440135630,대형선망어업,선진호,115 DAE JIN,False
440135740,대형선망어업,,NO.117DAEYANG,True
440136110,대형선망어업,,309 HAN CHANG,True
440140200,대형선망어업,오송,286HYESEUNG,True
440145090,대형선망어업,,NO.87WOOYANG,True
440145410,대형선망어업,,101KYUNGJIN,True
440145450,대형선망어업,,85TONGYOUNG,True
440147710,대형선망어업,9육일호,NO.11WOOYANG,True
440148130,대형선망어업,,NO38DEOK-MYUNG ,False
440148140,대형선망어업,,NO 127 KEUM SUNG ,True
440148150,대형선망어업,,NO.122 KEUM SUNG    ,True
440148160,대형선망어업,,NO.121 KEUM SUNG    ,True
440150190,대형선망어업,,202 GEUM HAE,True
440150860,대형선망어업,,NO.113DAEYANG,True
440151080,대형선망어업,,208 GEUM HAE,True
440153310,대형선망어업,,NO.83DEUKMYEONG,False
440154270,대형선망어업,,353HYESEUNG,True
440155220,대형선망어업,,151HYESEUNG,True
440155510,대형선망어업,,105 KYUNG HAE       ,True
440187980,대형선망어업,,38CHANG NAM         ,True
440191220,대형선망어업,,NO.205 KEUM SUNG    ,True
440191230,대형선망어업,,NO.207 KEUM SUNG    ,True
440191350,대형선망어업,,502HYE SEUNG,False
440193680,대형선망어업,NO.8 KANE MARU,201 GEUM HAE,True
440194680,대형선망어업,,205 CHANG NAM,False
440195340,대형선망어업,,32 CHANG NAM,True
440222530,대형선망어업,,53 KEUN YEONG,False
440303310,대형선망어업,,286HYESEUNG,True
440304100,대형선망어업,,208CHANGNAM         ,False
440316590,대형선망어업,,203 CHANG NAM       ,True
440323960,대형선망어업,,115 DAE YANG,True
440401800,대형선망어업,,903 GYEONG HAE      ,True
440503600,대형선망어업,,NO.201 KEUM SUNG    ,True
440677000,대형선망어업,,203KYUNGJIN         ,True
440722000,대형선망어업,,101 HAE GEUM,True
440735000,대형선망어업,,108 DAE JIN,True
440745000,대형선망어업,,1 SUDEOK   ,False
441147000,대형선망어업,,700DONGNAM        0,True
441624000,대형선망어업,NO.8 KANE MARU,301 HAN CHANG,True
440006310,기선권현망어업,,1 DAE YANG          ,False
440006590,기선권현망어업,,2 DAE YANG,False
440071070,기선권현망어업,NO.8 KANE MARU,17 SAM YUANG,False
440098350,기선권현망어업,,703 DEOK JIN HO     ,False
440100110,기선권현망어업,,MYUNGJIN10002,False
440102520,기선권현망어업,NO.8 KANE MARU,101 NAM PO,False
440102530,기선권현망어업,SHIN KWANG B- 6,102 NAM PO  ,False
440103730,기선권현망어업,,JE106MAN SUNG HO    ,False
440104090,기선권현망어업,,19 SE GIL,False
440104140,기선권현망어업,,28 SE GIL,False
440104580,기선권현망어업,,35 HEE YOUNG HO ,False
440105540,기선권현망어업,제11고가네마루,106 NAM PO,False
440106380,기선권현망어업,,302HEUNGNAMHO,False
440109150,기선권현망어업,,107 BEOMJIN,False
440109180,기선권현망어업,,109SEUNGJIN ,False
440109240,기선권현망어업,,103SEUNGJIN ,False
440109250,기선권현망어업,,102SEUNGJIN ,False
440109260,기선권현망어업,,72SEUNGJIN ,False
440111560,기선권현망어업,,JE88SONGMYEONGHO    ,False
440112550,기선권현망어업,,111WOONG CHEON,False
440113250,기선권현망어업,,55JEONGSUN,False
440113290,기선권현망어업,,JE207YUJIN  ,False
440115540,기선권현망어업,,101 PYEONG JIN,False
440115550,기선권현망어업,,102 PYEONG JIN,False
440116890,기선권현망어업,,56GWANGYANG ,False
440118930,기선권현망어업,,106SUNGBO HO,False
440122420,기선권현망어업,,17 DEOK JIN HO      ,False
440122430,기선권현망어업,,101HAE SANG ,False
440122440,기선권현망어업,,105 OYANGHO         ,False
440122450,기선권현망어업,,29 DEOK JIN HO      ,False
440122460,기선권현망어업,,18 DEOK JIN HO      ,False
440122520,기선권현망어업,,202 SIN SEONG,False
440122540,기선권현망어업,,201 SIN SEONG,False
440122550,기선권현망어업,NO.2 JAE IL,3 GEUM JEONG,False
440122570,기선권현망어업,,17 NAM YOUNG,False
440122630,기선권현망어업,,23JEONGSUN,False
440122640,기선권현망어업,,JE72JIN GWANG HO,False
440122650,기선권현망어업,,66GWANGYANG ,False
440122660,기선권현망어업,,99GWANGYANG ,False
440122670,기선권현망어업,,88WOONGCHEON ,False
440122690,기선권현망어업,,108WOONGCHEON ,False
440122750,기선권현망어업,,105 TONG IL,False
440122760,기선권현망어업,NO.8 KANE MARU,107 TONG IL,False
440122780,기선권현망어업,,55 KUM JEONG,False
440122790,기선권현망어업,,7JO YANG,False
440122810,기선권현망어업,,6JOYANG,False
440122920,기선권현망어업,,25 CHUNG KWANG,False
440122930,기선권현망어업,,27SUN GYEONG ,False
440122940,기선권현망어업,,113 HONG EUN,False
440122950,기선권현망어업,SHIN KWANG B- 6,36HONG EUN,False
440123350,기선권현망어업,,57 SE YANG,False
440123530,기선권현망어업,,HYE SEUNG 701,False
440123540,기선권현망어업,,HYE SEUNG 702,False
440123570,기선권현망어업,,56 CHEONG GWANG,False
440123640,기선권현망어업,세방 8001,103MYEONGYANG       ,False
440123650,기선권현망어업,TAE GIL NO.8,96 PYUNG JIN,False
440123660,기선권현망어업,,227HWACHANG ,False
440123670,기선권현망어업,,187HWACHANG,False
440123740,기선권현망어업,,9 CHEONG YANG,False
440123780,기선권현망어업,,102HAE SANG ,False
440123790,기선권현망어업,,12CHILSUNG ,False
440124020,기선권현망어업,,JE123HEEYONGHO,False
440124040,기선권현망어업,,209WOO SUNG,False
440124080,기선권현망어업,,17 BORYOUNG,False
440124130,기선권현망어업,,7 OYANGHO           ,False
440124180,기선권현망어업,,7DAE YEONG          ,False
440124190,기선권현망어업,,13DAE YEONG HO,False
440124210,기선권현망어업,,111 SAM SEONG,False
440124340,기선권현망어업,성우1호,56 SE YANG,False
440124630,기선권현망어업,,JE55HEEYOUNGHO,False
440124910,기선권현망어업,,106DONGHAIHO,False
440125380,기선권현망어업,,71JEONGSUN,False
440126860,기선권현망어업,,32 YONG DEUK HO     ,False
440129290,기선권현망어업,,302CHUNGGWANGHO,False
440129310,기선권현망어업,NO.8 KANE MARU,301 CHEONG GWANG,False
440129320,기선권현망어업,,303 CHEONG GWANG,False
440129460,기선권현망어업,,98 PYEONG JIN,False
440130510,기선권현망어업,HAN KOOK 1003,69 GEUMJEONG,False
440130550,기선권현망어업,,2 CHUNG YANG,False
440130570,기선권현망어업,,1 CHUNG YANG ,False
440130770,기선권현망어업,,307 WON JUNG HO,False
440130870,기선권현망어업,SHIN KWANG B- 6,203ILJINHO,False
440130880,기선권현망어업,,201IL JIN HO ,False
440130890,기선권현망어업,NO.2 JAE IL,202IL JIN HO ,False
440130920,기선권현망어업,,25SUN GYEONG ,False
440130930,기선권현망어업,,26SUN GYEONG  ,False
440130960,기선권현망어업,,205IL JIN HO ,False
440130970,기선권현망어업,,207IL JIN HO        ,False
440130980,기선권현망어업,,33SUNKYEONG ,False
440131010,기선권현망어업,,27JEONG SUN ,False
440131130,기선권현망어업,,52GWANGYANG ,False
440131150,기선권현망어업,,51KWANGYANG ,False
440131370,기선권현망어업,,91TONGIL,False
440131380,기선권현망어업,,92 TONG IL,False
440131390,기선권현망어업,,JE101MAN SUNG HO    ,False
440131410,기선권현망어업,,JE102MANSEONGHO     ,False
440131420,기선권현망어업,,8HAE SANG ,False
440131430,기선권현망어업,,9HAESANG,False
440131470,기선권현망어업,,207 SIN SEONG,False
440131480,기선권현망어업,,208SIN SEONG,False
440131630,기선권현망어업,,12DAE YEONG HO      ,False
440131650,기선권현망어업,,11DAEYEONG HO,False
440131690,기선권현망어업,,9DAE YEONG HO ,False
440132120,기선권현망어업,,109MYOUNG YANGHO ,False
440132150,기선권현망어업,,108MYOUNG YANGHO    ,False
440132160,기선권현망어업,,107MYEONGYANG ,False
440132220,기선권현망어업,,BO SEONG 88 HO ,False
440134960,기선권현망어업,,YEONG JIN87,False
440135190,기선권현망어업,HAN KOOK 1003,19 HAE SUNG,False
440135330,기선권현망어업,,207WOO SUNG,False
440141150,기선권현망어업,,JE8JOYANGHO,False
440141220,기선권현망어업,,503 KANG SEONG,False
440141430,기선권현망어업,,207HWACHANG,False
440141620,기선권현망어업,,JE56HEEYUNGHO,False
440141650,기선권현망어업,,217HWACHANG,False
440141680,기선권현망어업,,MINGUKHO            ,False
440141770,기선권현망어업,,308HEUNGNAMHO,False
440141880,기선권현망어업,,101DONGHAIHO,False
440141890,기선권현망어업,,102DONGHAIHO,False
440141980,기선권현망어업,,107 SUNGBO HO,False
440141990,기선권현망어업,,25 CHUNG KWANG,False
440142080,기선권현망어업,SHIN KWANG B- 6,11 CHUNG YANG,False
440142130,기선권현망어업,WOONG JIN T-1600,11 HAE SEONG,False
440142150,기선권현망어업,,177HWACHANG,False
440145480,기선권현망어업,,97HEEYOUNGHO,False
440145490,기선권현망어업,,35 HONG EUN,False
440145510,기선권현망어업,,98HEEYUNG ,False
440145770,기선권현망어업,,51 GEUM JEONG,False
440145780,기선권현망어업,,52 GEUM JEONG,False
440145790,기선권현망어업,,77 YONG DEUK,False
440145850,기선권현망어업,,600S77              ,False
440145870,기선권현망어업,,28 SAM SUNG,False
440145880,기선권현망어업,,29 SAM SEONG,False
440145890,기선권현망어업,삼지4호,53JEONGSUN,False
440145970,기선권현망어업,,72CHANG SEONG,False
440145980,기선권현망어업,,27 SE GIL,False
440146030,기선권현망어업,선진호,HAYANG,False
440146080,기선권현망어업,,KAALSUL 3A8PH,False
440146660,기선권현망어업,,113WOONGCHEON ,False
440146670,기선권현망어업,,115WOONGCHEON ,False
440148110,기선권현망어업,,12 HAE SEONG ,False
440148120,기선권현망어업,WOONGJIN RCG-280S,13 HAESEONG  ,False
440148260,기선권현망어업,FUJI MARU NO.7,97TONG IL,False
440148270,기선권현망어업,,103DONGHAIHO,False
440148290,기선권현망어업,,53 YONG DEUK HO     ,False
440148480,기선권현망어업,,JE99HIYUNGHO,False
440148640,기선권현망어업,,109SUNGBOHO,False
440149030,기선권현망어업,,73JEONGSUN,False
440149230,기선권현망어업,,5 NAM YOUNG,False
440149590,기선권현망어업,,35HAEDONG           ,False
440149700,기선권현망어업,,71 GEUM JUNG,False
440150260,기선권현망어업,,101 OYANGHO,False
440152730,기선권현망어업,오송,86 PYEONG JIN,False
440152780,기선권현망어업,,1HAESANG,False
440154550,기선권현망어업,505 우일,HAE SEUNG 155,False
440155080,기선권현망어업,흥진호,HEUNG JIN HO,False
440156360,기선권현망어업,,72 GEUM JUNG,False
440158640,기선권현망어업,,107 DEOK JIN        ,False
440158650,기선권현망어업,,108 DEOK JIN        ,False
440162150,기선권현망어업,,75JEONGSUN ,False
440162160,기선권현망어업,,77JEONGSUN ,False
440162190,기선권현망어업,,WOO SEONG HO,False
440162290,기선권현망어업,,115 NAM PO,False
440166520,기선권현망어업,제11고가네마루,SAE203JEIL,False
440166530,기선권현망어업,,SAE MUNCHANG,False
440183310,기선권현망어업,성우1호,888 SONGMYUNG,False
440186740,기선권현망어업,, SEUNG JEON HO,False
440187040,기선권현망어업,,7 BUGANG,False
440187650,기선권현망어업,,155HEEYUNGHO,False
440189870,기선권현망어업,,507 DEOK JIN HO     ,False
440189880,기선권현망어업,,508 DEOK JIN HO     ,False
440196120,기선권현망어업,제11고가네마루,106 NAM PO,False
440206190,기선권현망어업,,101 BEOM JIN,False
440209810,기선권현망어업,,81 DEOK JIN HO      ,False
440215510,기선권현망어업,,102 NAM YOUNG,False
440217420,기선권현망어업,오송,102 BEOMJIN,False
440222080,기선권현망어업,,101SEUNGJIN ,False
440223760,기선권현망어업,,JE53JIN GWANG HO,False
440300840,기선권현망어업,,101 NAM YOUNG,False
440304630,기선권현망어업,,21KEOMBOK ,False
440304810,기선권현망어업,,801 DEOK JIN HO     ,False
440304930,기선권현망어업,,NO.22GEUMBOK ,False
440304960,기선권현망어업,,58 DEOK JIN HO      ,False
440304970,기선권현망어업,,57 DEOK JIN HO      ,False
440305020,기선권현망어업,,12CHEONG HAE        ,False
440305030,기선권현망어업,,CHEONG HAE 11       ,False
440305650,기선권현망어업,NO.8 KANE MARU,36 JIN KWANG,False
440306250,기선권현망어업,,NO.6CHEONGHAE ,False
440306620,기선권현망어업,,333 SAM SUNG,False
440307370,기선권현망어업,,JE52JIN GWANG HO,False
440311110,기선권현망어업,,801 DEOK HAE HO     ,False
440311120,기선권현망어업,협승5 호,802 DEOG HAE HO ,False
440311850,기선권현망어업,,DEOK JIN 61 HO      ,False
440311860,기선권현망어업,,67 DEOK JIN HO      ,False
440311870,기선권현망어업,,68 DEOK JIN ,False
440312160,기선권현망어업,,NO.101 CHUNGHAE,False
440312270,기선권현망어업,,608 DEOKJIN HO      ,False
440312380,기선권현망어업,,108BUCHANG,False
440312390,기선권현망어업,,NO.109 BOO CHANG    ,False
440312440,기선권현망어업,,CHANG-SUNG-HO,False
440312540,기선권현망어업,,103NAMYUMHO,False
440312560,기선권현망어업,,6 SAM YANG          ,False
440312570,기선권현망어업,,NO.25 KEOMBOCK      ,False
440312580,기선권현망어업,,126 SAMSUNG,False
440312590,기선권현망어업,,NO.306 YEONGHWA     ,False
440312610,기선권현망어업,,NO.307 YEONGHWA     ,False
440312710,기선권현망어업,,309HEUNGNAMHO ,False
440312740,기선권현망어업,,19HAN IL            ,False
440312750,기선권현망어업,제11고가네마루,3 CHEONG YANG,False
440312770,기선권현망어업,,22 HAN IL HO   ,False
440312780,기선권현망어업,,21HAN  IL           ,False
440312820,기선권현망어업,,101 BU CHANG        ,False
440312840,기선권현망어업,,NO.102 BU CHANG     ,False
440312850,기선권현망어업,,105DONGHAIHO,False
440312870,기선권현망어업,,75DEOKJINHO         ,False
440313030,기선권현망어업,,801.CHANGYOUNG C\,False
440313040,기선권현망어업,,802.CHANG YOUNG     ,False
440313170,기선권현망어업,제11고가네마루,203JEONYANG,False
440313580,기선권현망어업,,301 YONGSUN         ,False
440315650,기선권현망어업,,7001SHINJUNG,False
440315710,기선권현망어업,,107 BU CHANG,False
440315990,기선권현망어업,,88HANJIN            ,False
440318430,기선권현망어업,,208CHANG YUNG       ,False
440318440,기선권현망어업,,209CHANG YUNG       ,False
440319070,기선권현망어업,,NO.302 YEONGHWA     ,False
440319090,기선권현망어업,,NO.303 YEONGHWA     ,False
440319510,기선권현망어업,,8 DAE YANG          ,False
440319520,기선권현망어업,,5 DAE YANG HO       ,False
440319530,기선권현망어업,,7 DAEYANG           ,False
440319550,기선권현망어업,,6 DAE YANG HO ,False
440321650,기선권현망어업,NO.117 DAE YANG,901 DEOK HAE HO,False
440321860,기선권현망어업,,NO.26 KEOMBOCK      ,False
440321890,기선권현망어업,,607 DEOKJIN HO      ,False
440322410,기선권현망어업,,NO.301 YEONGHWA     ,False
440322840,기선권현망어업,,3 SAM YANG          ,False
440322850,기선권현망어업,,2 SAM YANG          ,False
440323090,기선권현망어업,,73 DEOK JIN         ,False
440323430,기선권현망어업,한강5호,207 CHANG YEONG HO ,False
440323530,기선권현망어업,,3 DAE YANG          ,False
440323730,기선권현망어업,,NO.5 CHOUNG HAE     ,False
440324480,기선권현망어업,,9 DAE YANG          ,False
440324950,기선권현망어업,,JE33JIN GWANG HO,False
440330580,기선권현망어업,,JIN SEONG,False
440333810,기선권현망어업,,105MYUNG YANGHO   ,False
440337260,기선권현망어업,,905 DEOK HAE HO     ,False
440338270,기선권현망어업,,27 HAN IL HO        ,False
440410130,기선권현망어업,,16 HAE SUNG,False
440414420,기선권현망어업,,388BU GANG HO  ,False
440500540,기선권현망어업,,116 NAMPO,False
440502680,기선권현망어업,,JE17BORUNHO ,True
440503400,기선권현망어업,505 우일,38SUN KYEONG HO,False
440510620,기선권현망어업,SUIKOU NO.1,51JEONGSUN,False
440600620,기선권현망어업,,NACC COZUMEL        ,False
441131440,기선권현망어업,,206 SIN SEONG ,False
440009080,대형트롤어업,,701YOUNGJIN,False
440010600,대형트롤어업,,9 HAN SUNG HO       ,False
440012620,대형트롤어업,,201 YUN KYEONG      ,False
440012720,대형트롤어업,,202YUNKYENG,False
440051440,대형트롤어업,,607 YOUNG JIN,False
440098120,대형트롤어업,,707WONKWANG,False
440101140,대형트롤어업,,J.M-12001HO,False
440101545,대형트롤어업,,307SANGJIN,False
440102250,대형트롤어업,,201.MJ,False
440102330,대형트롤어업,,3SUNGHAE,False
440104050,대형트롤어업,,WONKWANG,False
440104530,대형트롤어업,,3KEUM HAE           ,False
440104620,대형트롤어업,NO.8 KANE MARU,NO.1GYENGHAE        ,False
440104650,대형트롤어업,SHIN KWANG B- 6,27 NAMKYUNG,False
440105110,대형트롤어업,,6KEUM HAE           ,False
440105730,대형트롤어업,,NO.7SINYOUNGHO,False
440105910,대형트롤어업,,NO.7 KYOUNG HAE     ,False
440106340,대형트롤어업,,3GEUMSEONG,False
440107010,대형트롤어업,제11고가네마루,NO.85HAESUNG        ,False
440107090,대형트롤어업,SHIN KWANG B- 6,27 SIN HWA,False
440107170,대형트롤어업,SHIN KWANG B- 6,55 SINBANG ,False
440107230,대형트롤어업,NO.8 KANE MARU,3 HYO CHANG,False
440107240,대형트롤어업,505 우일,3 MYUNGSUNG,False
440107790,대형트롤어업,,303HYOCHANG,False
440108550,대형트롤어업,,28DH,False
440108760,대형트롤어업,,7 YOUNG JIN,False
440115950,대형트롤어업,,156 DAE HWA HO      ,False
440126330,대형트롤어업,,SAM MYUNG,False
440126480,대형트롤어업,NO.8 KANE MARU,8 SE HWA,False
440170420,대형트롤어업,,23 SU HYUN HO       ,False
440315530,대형트롤어업,NO.117 DAE YANG,TROL307DAEHYUN,False
440318230,대형트롤어업,,507GEUMSUNG,False
440335090,대형트롤어업,,2DONGHO,False
440335210,대형트롤어업,,IL.DONG.IL ,False
440013800,외끌이대형저인망어업,,201HEUNGSUNG,False
440013880,외끌이대형저인망어업,,609 CHEON GEUM,False
440014540,외끌이대형저인망어업,한강5호,306JANGYUNG,False
440015820,외끌이대형저인망어업,,DONG YOUNG,False
440030030,외끌이대형저인망어업,SHIN KWANG B- 6,3 DAEJUNG,False
440069210,외끌이대형저인망어업,,21 GUJIN,False
440079980,외끌이대형저인망어업,,HAEMYUNG,False
440085670,외끌이대형저인망어업,,308JANGYUNG,False
440100840,외끌이대형저인망어업,,7TAE KYUNG,False
440108510,외끌이대형저인망어업,,12 CHANG MYEONG,False
440112630,외끌이대형저인망어업,TOMEI MARU,607 MYEONG SEONG,False
440112870,외끌이대형저인망어업,NO.2 JAE IL,5YUJIN,False
440113520,외끌이대형저인망어업,,17 YEON JUNG HO     ,False
440119460,외끌이대형저인망어업,,5BUSUNG,False
440121670,외끌이대형저인망어업,,33YUNGCHANG,False
440122220,외끌이대형저인망어업,,106SIMKWANG,False
440122330,외끌이대형저인망어업,,81 SINYANG ,False
440123240,외끌이대형저인망어업,,16 KYOUNG RIM,False
440123480,외끌이대형저인망어업,,26 NAM SUNG,False
440123590,외끌이대형저인망어업,,1TAEYUNG,False
440123610,외끌이대형저인망어업,,NO.608 MYOUNG SEONG ,False
440124880,외끌이대형저인망어업,,5 DAE KYOUNG   ,False
440135120,외끌이대형저인망어업,,205EOSA,False
440139040,외끌이대형저인망어업,,88HYEON DAE   ,False
440145240,외끌이대형저인망어업,,88 TAE IL,False
440147730,외끌이대형저인망어업,SHIN KWANG B- 6,7 CHANGNAM,False
440190250,외끌이대형저인망어업,,7CHANGSUN  ,False
440193580,외끌이대형저인망어업,,27YEONJEONGHO       ,False
440300210,외끌이대형저인망어업,,308BUYEONG          ,False
440300470,외끌이대형저인망어업,,116 DAE WHA HO      ,False
440300650,외끌이대형저인망어업,,27YEONJEONGHO       ,False
440300890,외끌이대형저인망어업,,106 DAE WHA HO      ,False
440312450,외끌이대형저인망어업,,NO.19 DAE YEONG ,False
440312510,외끌이대형저인망어업,,NO.62 DAEDONG       ,False
440313050,외끌이대형저인망어업,,2SEONGMIN,False
440313140,외끌이대형저인망어업,,207 SEO.HYUN,False
440313440,외끌이대형저인망어업,성우1호,"208 HEUNG SEONG HO#,",False
440320180,외끌이대형저인망어업,,2020 HAE GEUM,False
440320210,외끌이대형저인망어업,,NO.301 MANSEON      ,False
440327040,외끌이대형저인망어업,,32 MYENG JIN HO,False
440331260,외끌이대형저인망어업,,108JINYUNG,False
440600109,외끌이대형저인망어업,,8LEE SUNG,False
440602600,외끌이대형저인망어업,,309 BU YUNG    ,False
